clip_id,pitcher_name,pitcher_id,catcher_name,catcher_id,play_id,game_pk,at_bat_number,pitch_number,p_throws,fps,n_frames,analysis_frames,scene_cut_at,n_segments,segment_index,chosen_segment,set_frame,first_move_frame,release_frame,delivery_s,first_move_cue,leg_lift_frame,hand_break_frame,release_method,release_kpt_conf,good_track,in_band,release_pre_cut,usable,confidence,qa_video,pitcher_track_id,status
soto_082a0ddb_rutledge_R.mp4,Jackson Rutledge,671131,Jorge Alfaro,595751,082a0ddb-519d-36ca-ad97-887740105e58,776259,55,3,R,59.676,544,183,273,3,1,[273:456],291,289.05,348.24,0.9919,leg_lift,289.05,,extension_collapse,0.984,True,True,True,True,1.0,soto_082a0ddb_rutledge_R_annotated.mp4,60,ok
soto_0acc3b9e_rodriguez_R.mp4,Yariel Rodríguez,684320,Alejandro Kirk,672386,0acc3b9e-1939-3c54-b112-45131062824e,778465,61,1,R,59.709,600,274,274,3,0,[0:274],142,158.06,254.03,1.6074,leg_lift,158.06,,extension_collapse,0.87,True,True,True,True,1.0,soto_0acc3b9e_rodriguez_R_annotated.mp4,68,ok
soto_0c6dc21e_gipsonlong_R.mp4,Sawyer Gipson-Long,687830,Dillon Dingler,693307,0c6dc21e-9a56-3240-8d29-35577d8c9791,776490,25,2,R,59.801,850,850,-1,1,0,[0:850],77,118.35,184.5,1.1061,leg_lift,118.35,132.0,extension_collapse,0.926,True,True,True,True,1.0,soto_0c6dc21e_gipsonlong_R_annotated.mp4,67,ok
soto_0eba4e88_wilson_L.mp4,Justin Wilson,458677,Carlos Narváez,665966,0eba4e88-5603-31a4-adeb-d63c9f34b438,777856,45,1,L,59.712,648,248,248,4,0,[0:248],26,110.23,186.86,1.2833,leg_lift,110.23,115.0,extension_collapse,0.41,True,True,True,True,1.0,soto_0eba4e88_wilson_L_annotated.mp4,340,ok
soto_187d0a40_brogdon_R.mp4,Connor Brogdon,641401,Logan O'Hoppe,681351,187d0a40-a5b4-3b7d-91c9-c5c5b05831f6,777054,51,2,R,59.771,870,278,278,3,0,[0:278],156,153.25,243.5,1.5099,leg_lift,153.25,211.0,extension_collapse,0.652,True,True,True,True,1.0,soto_187d0a40_brogdon_R_annotated.mp4,341,ok
soto_1e431cc0_marinaccio_R.mp4,Ron Marinaccio,676760,Freddy Fermin,666023,1e431cc0-8c53-39a9-8a19-531eaf8213af,776276,55,2,R,59.785,912,260,260,4,0,[0:260],84,120.58,183.5,1.0524,leg_lift,120.58,140.0,extension_collapse,0.676,True,True,True,True,1.0,soto_1e431cc0_marinaccio_R_annotated.mp4,382,ok
soto_26fcb909_schmidt_R.mp4,Clarke Schmidt,657376,J.C. Escarra,641555,26fcb909-e43c-39bd-853c-bbce7137fc48,777888,25,1,R,59.72,640,343,297,2,1,[297:640],485,481.82,535.77,0.9033,leg_lift,481.82,498.0,extension_collapse,0.4,True,True,True,True,1.0,soto_26fcb909_schmidt_R_annotated.mp4,429,ok
soto_3da02488_henriquez_R.mp4,Ronny Henriquez,678692,Agustín Ramírez,682663,3da02488-865f-3644-8b6f-d2750084a1a1,776535,77,6,R,59.784,860,268,268,3,0,[0:268],103,114.75,210.5,1.6016,leg_lift,114.75,119.0,extension_collapse,0.952,True,True,True,True,1.0,soto_3da02488_henriquez_R_annotated.mp4,591,ok
soto_3e34f93d_liberatore_L.mp4,Matthew Liberatore,669461,Yohel Pozo,650968,3e34f93d-48da-31fc-a4ac-7a4a2d6c08f7,778256,45,2,L,59.714,662,489,489,3,0,[0:489],46,111.12,176.34,1.0923,leg_lift,111.12,135.0,extension_collapse,0.738,True,True,True,True,1.0,soto_3e34f93d_liberatore_L_annotated.mp4,594,ok
soto_47d9c409_keller_R.mp4,Mitch Keller,656605,Henry Davis,680779,47d9c409-14a2-3f22-8df3-5a217e2440e1,777943,6,1,R,59.829,1040,262,262,7,0,[0:262],75,81.4,144.42,1.0534,leg_lift,81.4,115.0,extension_collapse,0.949,True,True,True,True,1.0,soto_47d9c409_keller_R_annotated.mp4,738,ok
soto_48f7f0cf_alcantara_R.mp4,Sandy Alcantara,645261,Agustín Ramírez,682663,48f7f0cf-6ab2-307c-9f78-8022bbb8170e,776519,49,3,R,59.819,1220,555,555,3,0,[0:555],93,110.95,178.5,1.1293,leg_lift,110.95,101.0,extension_collapse,0.828,True,True,True,True,1.0,soto_48f7f0cf_alcantara_R_annotated.mp4,736,ok
soto_4dd51939_knack_R.mp4,Landon Knack,689017,Will Smith,669257,4dd51939-3744-311c-aadd-d378e7c5fb3c,777773,24,2,R,59.653,552,247,247,2,0,[0:247],26,127.21,214.83,1.4688,leg_lift,127.21,131.0,extension_collapse,0.935,True,True,True,True,1.0,soto_4dd51939_knack_R_annotated.mp4,1051,ok
soto_662eef7f_butto_R.mp4,José Buttó,676130,Patrick Bailey,672275,662eef7f-8d04-3915-a04c-137532e0912a,776926,66,4,R,59.805,1036,168,456,5,1,[456:624],476,475.24,570.61,1.5948,motion_onset,,,extension_collapse,0.808,True,True,True,True,1.0,soto_662eef7f_butto_R_annotated.mp4,1211,ok
soto_66a73642_kowar_R.mp4,Jackson Kowar,663804,Cal Raleigh,663728,66a73642-ab9b-43f5-a133-c5efdf20a2bb,776707,74,4,R,59.801,914,521,144,3,1,[144:665],190,187.0,251.57,1.0798,leg_lift,187.0,192.0,extension_collapse,0.67,True,True,True,True,1.0,soto_66a73642_kowar_R_annotated.mp4,1366,ok
soto_7297e0f4_sugano_R.mp4,Tomoyuki Sugano,608372,Alex Jackson,656577,7297e0f4-dc74-3412-ab4e-c58907dae9ba,777181,28,1,R,59.707,660,153,153,3,0,[0:153],48,67.0,117.5,0.8458,hand_break,,67.0,extension_collapse,0.689,True,True,True,True,1.0,soto_7297e0f4_sugano_R_annotated.mp4,1490,ok
soto_741be583_ray_L.mp4,Robbie Ray,592662,Andrew Knizner,668800,741be583-9059-3e92-9f81-d819eedfba86,776985,45,2,L,59.817,770,267,267,3,0,[0:267],85,114.17,189.5,1.2594,leg_lift,114.17,112.0,extension_collapse,0.787,True,True,True,True,1.0,soto_741be583_ray_L_annotated.mp4,1492,ok
soto_78b116fc_strider_R.mp4,Spencer Strider,675911,Drake Baldwin,686948,78b116fc-11d5-3d85-bcf9-2bcc869ee595,777387,29,2,R,59.794,944,350,350,4,0,[0:350],71,109.22,178.92,1.1656,leg_lift,109.22,128.0,extension_collapse,0.363,True,True,True,True,1.0,soto_78b116fc_strider_R_annotated.mp4,1569,ok
soto_87d4d83b_alcantara_R.mp4,Sandy Alcantara,645261,Agustín Ramírez,682663,87d4d83b-08dd-326f-a867-cbd523bdc7ba,776173,3,2,R,59.697,698,253,152,4,2,[250:503],255,320.77,372.81,0.8717,leg_lift,320.77,323.0,extension_collapse,0.971,True,True,True,True,1.0,soto_87d4d83b_alcantara_R_annotated.mp4,1849,ok
soto_90c8e4b0_priester_R.mp4,Quinn Priester,682990,Danny Jansen,643376,90c8e4b0-b3e0-3dc5-a740-a9c567edba2a,776799,3,2,R,59.692,684,127,258,5,2,[369:496],376,376.81,446.46,1.1669,leg_lift,376.81,,extension_collapse,0.959,True,True,True,True,1.0,soto_90c8e4b0_priester_R_annotated.mp4,1930,ok
soto_a756565a_barlow_R.mp4,Scott Barlow,605130,Jose Trevino,624431,a756565a-7617-31cf-8728-7f0ccc6abe8e,776439,54,2,R,59.801,1024,726,726,3,0,[0:726],509,515.16,613.5,1.6444,leg_lift,515.16,,extension_collapse,0.926,True,True,True,True,1.0,soto_a756565a_barlow_R_annotated.mp4,1953,ok
soto_aa6cf32c_sanchez_L.mp4,Cristopher Sánchez,650911,J.T. Realmuto,592663,aa6cf32c-3be2-3963-a6a3-a977caf8edd6,776384,3,5,L,59.594,486,400,400,2,0,[0:400],5,111.15,180.5,1.1638,leg_lift,111.15,83.0,extension_collapse,0.898,True,True,True,True,1.0,soto_aa6cf32c_sanchez_L_annotated.mp4,1973,ok
soto_c539b405_allen_L.mp4,Logan Allen,671106,Bo Naylor,666310,c539b405-f712-33b7-aef3-b9466bb8da1d,776863,8,2,L,59.756,702,251,451,2,1,[451:702],470,466.0,525.42,0.9944,leg_lift,466.0,,extension_collapse,0.564,True,True,True,True,1.0,soto_c539b405_allen_L_annotated.mp4,2254,ok
soto_c789508a_peralta_R.mp4,Freddy Peralta,642547,William Contreras,661388,c789508a-fdab-312a-be62-f832f668c1f3,777289,30,3,R,59.655,524,156,145,3,1,[145:301],188,201.99,281.96,1.3405,leg_lift,201.99,,extension_collapse,0.978,True,True,True,True,1.0,soto_c789508a_peralta_R_annotated.mp4,2392,ok
soto_cad333e6_cabrera_R.mp4,Edward Cabrera,665795,Agustín Ramírez,682663,cad333e6-770d-3f33-8ed8-2edd73fcc5a5,776535,31,1,R,59.698,498,316,316,2,0,[0:316],99,111.94,177.5,1.0983,leg_lift,111.94,113.0,extension_collapse,0.957,True,True,True,True,1.0,soto_cad333e6_cabrera_R_annotated.mp4,2254,ok
soto_d648c578_martinez_R.mp4,Nick Martinez,607259,Tyler Stephenson,663886,d648c578-b60a-3b3d-9e1a-cf0403d43740,777092,43,2,R,59.766,850,469,469,3,0,[0:469],137,143.02,235.5,1.5473,leg_lift,143.02,241.0,extension_collapse,0.583,True,True,True,True,1.0,soto_d648c578_martinez_R_annotated.mp4,2392,ok
soto_df06ba28_elder_R.mp4,Bryce Elder,693821,Drake Baldwin,686948,df06ba28-581e-3eb6-b40a-73646bb38fe3,776748,47,4,R,59.771,642,495,57,3,1,[57:552],87,113.97,180.5,1.113,leg_lift,113.97,115.0,extension_collapse,0.953,True,True,True,True,1.0,soto_df06ba28_elder_R_annotated.mp4,2648,ok
soto_f4a5478d_alcantara_R.mp4,Sandy Alcantara,645261,Agustín Ramírez,682663,f4a5478d-a308-374a-8dfc-53021c91c30c,776173,19,3,R,59.772,636,160,160,3,0,[0:160],39,63.85,140.77,1.287,leg_lift,63.85,140.0,extension_collapse,0.967,True,True,True,True,1.0,soto_f4a5478d_alcantara_R_annotated.mp4,2728,ok
soto_f55e4130_horton_R.mp4,Cade Horton,690990,Carson Kelly,608348,f55e4130-f795-300f-9086-135f851a3aa9,776209,5,1,R,59.619,514,182,281,3,1,[281:463],295,296.3,301.5,0.0872,leg_lift,296.3,,extension_collapse,0.97,True,False,True,False,0.75,soto_f55e4130_horton_R_annotated.mp4,2905,ok
soto_f6ea875c_banks_L.mp4,Tanner Banks,621383,J.T. Realmuto,592663,f6ea875c-b135-3e2f-b93f-eeb1c85b92b9,776404,62,3,L,59.69,564,564,-1,1,0,[0:564],5,7.28,11.0,0.0623,motion_onset,,,flat_reach_height,0.0,False,False,True,False,0.15,soto_f6ea875c_banks_L_annotated.mp4,3241,ok
soto_ff5e352f_abbott_L.mp4,Andrew Abbott,671096,Tyler Stephenson,663886,ff5e352f-7ea6-3065-ba9f-9437ab5e8535,776450,5,3,L,59.651,568,240,240,2,0,[0:240],78,102.17,179.5,1.2963,leg_lift,102.17,138.0,extension_collapse,0.947,True,True,True,True,1.0,soto_ff5e352f_abbott_L_annotated.mp4,3245,ok
